{
  "best_pair": [
    44,
    43
  ],
  "worst_pair": [
    82,
    83
  ],
  "shots": 4096,
  "results": {
    "best": {
      "E": [
        [
          0.70458984375,
          -0.62255859375
        ],
        [
          0.61328125,
          0.708984375
        ]
      ],
      "S": 2.6494140625,
      "violates_classical_bound": true
    },
    "worst": {
      "E": [
        [
          -0.00732421875,
          -0.0283203125
        ],
        [
          0.015625,
          0.00634765625
        ]
      ],
      "S": 0.04296875,
      "violates_classical_bound": false
    }
  },
  "discriminates": true,
  "S_gap_best_minus_worst": 2.6064453125
}