{
  "source": "FakeMarrakesh_noise_model",
  "timestamp": "2026-05-28T06:26:48.565853+00:00",
  "a_true": 0.56,
  "a_naive": 0.5576171875,
  "a_mle": 0.5571358978801244,
  "naive_error": 0.0023828125000000533,
  "mle_error": 0.0028641021198756444,
  "naive_ci": [
    0.5361063017465263,
    0.5791280732534737,
    0.04302177150694751
  ],
  "mle_ci": [
    0.555491983854034,
    0.5588029535955457,
    0.0033109697415116823
  ],
  "ci_ratio": 0.0769603302127389,
  "hypotheses": {
    "H1": false,
    "H2": true,
    "H3": true,
    "H4": true
  },
  "h4_summary": "5/5 within \u00b10.08",
  "k_results": {
    "0": {
      "ones": 1142,
      "zeros": 906,
      "measured_p": 0.5576171875,
      "expected_p": 0.56,
      "delta": -0.0023828125000000533
    },
    "1": {
      "ones": 679,
      "zeros": 1369,
      "measured_p": 0.33154296875,
      "expected_p": 0.3234559999999998,
      "delta": 0.0080869687500002
    },
    "2": {
      "ones": 1609,
      "zeros": 439,
      "measured_p": 0.78564453125,
      "expected_p": 0.7829190656000004,
      "delta": 0.0027254656499996477
    },
    "3": {
      "ones": 311,
      "zeros": 1737,
      "measured_p": 0.15185546875,
      "expected_p": 0.1270020069785597,
      "delta": 0.024853461771440294
    },
    "4": {
      "ones": 1905,
      "zeros": 143,
      "measured_p": 0.93017578125,
      "expected_p": 0.9415922360448452,
      "delta": -0.01141645479484521
    }
  }
}