{
    "experiment": "37",
    "title": "Commutation-Aligned Compilation Principle \u2014 Confound-Corrected Retest (ORQ#7)",
    "cycle": 3757,
    "backend": "ibm_marrakesh",
    "job_id": "d8tlh05posuc738ottu0",
    "selected_pair": [
        15,
        19
    ],
    "pair_selection_audit": {
        "gate": {
            "RO_MAX": 0.05,
            "CZ_MAX": 0.01,
            "scoring": "argmin cz_error + 0.25*(ro_a+ro_b)"
        },
        "n_edges_scanned": 176,
        "n_eligible": 100,
        "rejects": {
            "readout": 70,
            "tnull": 0,
            "cz": 6,
            "nocz": 0
        },
        "top5": [
            {
                "pair": [
                    15,
                    19
                ],
                "cz_gate": "cz",
                "cz_error": 0.0011530575203738402,
                "readout_a": 0.0035400390625,
                "readout_b": 0.0048828125,
                "t1_a": 0.0003606625066692025,
                "t2_a": 2.994529144334309e-05,
                "t1_b": 0.0001466826302990734,
                "t2_b": 7.507428947212388e-05,
                "score": 0.0032587704109988402
            },
            {
                "pair": [
                    7,
                    6
                ],
                "cz_gate": "cz",
                "cz_error": 0.0016763509392184739,
                "readout_a": 0.0029296875,
                "readout_b": 0.00341796875,
                "t1_a": 0.00015598462829048487,
                "t2_a": 0.000146150526664575,
                "t1_b": 0.00031228820090660236,
                "t2_b": 0.0003279205690113327,
                "score": 0.003263265001718474
            },
            {
                "pair": [
                    14,
                    15
                ],
                "cz_gate": "cz",
                "cz_error": 0.0016322528899152255,
                "readout_a": 0.0032958984375,
                "readout_b": 0.0035400390625,
                "t1_a": 0.0003654979024946681,
                "t2_a": 4.761807945381652e-05,
                "t1_b": 0.0003606625066692025,
                "t2_b": 2.994529144334309e-05,
                "score": 0.0033412372649152255
            },
            {
                "pair": [
                    7,
                    17
                ],
                "cz_gate": "cz",
                "cz_error": 0.0017318220295774733,
                "readout_a": 0.0029296875,
                "readout_b": 0.003662109375,
                "t1_a": 0.00015598462829048487,
                "t2_a": 0.000146150526664575,
                "t1_b": 0.00019176197279807127,
                "t2_b": 9.71489764343513e-06,
                "score": 0.0033797712483274733
            },
            {
                "pair": [
                    6,
                    5
                ],
                "cz_gate": "cz",
                "cz_error": 0.001924483639870217,
                "readout_a": 0.00341796875,
                "readout_b": 0.003662109375,
                "t1_a": 0.00031228820090660236,
                "t2_a": 0.0003279205690113327,
                "t1_b": 0.0001574537807353321,
                "t2_b": 0.00012016510005107933,
                "score": 0.003694503171120217
            }
        ]
    },
    "precursor_exp36": {
        "job_id": "d8d6tdgv14cs73dhvahg",
        "XZ_R2": 0.971,
        "XY_R2": 0.897,
        "gamma_Z_endpoint": 0.0221,
        "gamma_Y_endpoint": 0.0245,
        "gamma_X_Phi+": 0.0051,
        "gamma_X_Psi+": 0.0114,
        "G3_exp36_confound": "b_XZ=0.0178 > b_XY=0.0137 because |Psi+> X-anchor 2x higher; absolute endpoints already pass Y(0.0245)>Z(0.0221)"
    },
    "design": {
        "meridian_XZ": "|Phi+>, n(eta)=(sin eta,0,cos eta), ideal <nn>=+1 flat, eta:0=Z..90=X",
        "meridian_XY": "|Psi+>, n(phi)=(cos phi,sin phi,0), ideal <nn>=+1 flat, phi:0=X..90=Y",
        "angles_deg_XZ": [
            0,
            15,
            30,
            45,
            60,
            75,
            90
        ],
        "angles_deg_XY": [
            0,
            15,
            30,
            45,
            60,
            75,
            80,
            90
        ],
        "extra_angle_rationale": "phi=80 added to X-Y to stabilize R2 near dirty-Y endpoint",
        "scale_factors": [
            1,
            3,
            5
        ],
        "shots": 4096,
        "circuits_total": 45,
        "seed_transpiler": 42,
        "calibration_gate": {
            "RO_MAX": 0.05,
            "CZ_MAX": 0.01
        }
    },
    "preregistered_criteria": {
        "G1": "both meridians gamma(theta) overlap-law R2>=0.90 AND >= linear-in-angle R2",
        "G2": "Spearman rho(gamma, overlap) >= +0.9 each meridian",
        "G3": "gamma_Y_endpoint(XY phi=90) > gamma_Z_endpoint(XZ eta=0) [REVISED from Exp36: endpoint-gamma ordering, immune to X-baseline confound]",
        "G4": "|gamma_X(merid1,eta=90) - gamma_X(merid2,phi=0)| < 0.03 (X-endpoint sanity)",
        "G5": "transpiled 2q count constant across angles within a meridian",
        "CONFIRM": "G1&G2&G3 PASS -> commutation-aligned compilation principle"
    },
    "calibration": {
        "available": true,
        "backend_name": "ibm_marrakesh",
        "last_update_date": "2026-06-24T02:31:19+00:00",
        "device_median": {
            "T1_s": 0.0001743177338942079,
            "T2_s": 8.908791235669514e-05,
            "readout_error": 0.01263427734375,
            "n_qubits": 156
        },
        "per_qubit": {
            "15": {
                "T1_s": 0.0003606625066692025,
                "T2_s": 2.994529144334309e-05,
                "readout_error": 0.0035400390625
            },
            "19": {
                "T1_s": 0.0001466826302990734,
                "T2_s": 7.507428947212388e-05,
                "readout_error": 0.0048828125
            }
        },
        "two_qubit_gate_error": {
            "cz_15_19": 0.0011530575203738402
        },
        "selected_pair": [
            15,
            19
        ],
        "pair_selection_audit": {
            "gate": {
                "RO_MAX": 0.05,
                "CZ_MAX": 0.01,
                "scoring": "argmin cz_error + 0.25*(ro_a+ro_b)"
            },
            "n_edges_scanned": 176,
            "n_eligible": 100,
            "rejects": {
                "readout": 70,
                "tnull": 0,
                "cz": 6,
                "nocz": 0
            },
            "top5": [
                {
                    "pair": [
                        15,
                        19
                    ],
                    "cz_gate": "cz",
                    "cz_error": 0.0011530575203738402,
                    "readout_a": 0.0035400390625,
                    "readout_b": 0.0048828125,
                    "t1_a": 0.0003606625066692025,
                    "t2_a": 2.994529144334309e-05,
                    "t1_b": 0.0001466826302990734,
                    "t2_b": 7.507428947212388e-05,
                    "score": 0.0032587704109988402
                },
                {
                    "pair": [
                        7,
                        6
                    ],
                    "cz_gate": "cz",
                    "cz_error": 0.0016763509392184739,
                    "readout_a": 0.0029296875,
                    "readout_b": 0.00341796875,
                    "t1_a": 0.00015598462829048487,
                    "t2_a": 0.000146150526664575,
                    "t1_b": 0.00031228820090660236,
                    "t2_b": 0.0003279205690113327,
                    "score": 0.003263265001718474
                },
                {
                    "pair": [
                        14,
                        15
                    ],
                    "cz_gate": "cz",
                    "cz_error": 0.0016322528899152255,
                    "readout_a": 0.0032958984375,