{
    "experiment": "37",
    "title": "Commutation-Aligned Compilation Principle \u2014 Confound-Corrected Retest (ORQ#7)",
    "cycle": 3757,
    "backend": "ibm_fez",
    "job_id": "d8rjemekodhs7384gpfg",
    "selected_pair": [
        22,
        23
    ],
    "pair_selection_audit": {
        "gate": {
            "RO_MAX": 0.05,
            "CZ_MAX": 0.01,
            "scoring": "argmin cz_error + 0.25*(ro_a+ro_b)"
        },
        "n_edges_scanned": 176,
        "n_eligible": 134,
        "rejects": {
            "readout": 28,
            "tnull": 2,
            "cz": 12,
            "nocz": 0
        },
        "top5": [
            {
                "pair": [
                    22,
                    23
                ],
                "cz_gate": "cz",
                "cz_error": 0.0015466466401434509,
                "readout_a": 0.0040283203125,
                "readout_b": 0.00390625,
                "t1_a": 0.00018169035001587653,
                "t2_a": 0.00013626366803232818,
                "t1_b": 0.0002163641735683409,
                "t2_b": 0.00017904615771439643,
                "score": 0.003530289218268451
            },
            {
                "pair": [
                    21,
                    22
                ],
                "cz_gate": "cz",
                "cz_error": 0.0020248563550818166,
                "readout_a": 0.004638671875,
                "readout_b": 0.0040283203125,
                "t1_a": 0.0002036813208906177,
                "t2_a": 0.00017126869562833515,
                "t1_b": 0.00018169035001587653,
                "t2_b": 0.00013626366803232818,
                "score": 0.004191604401956817
            },
            {
                "pair": [
                    4,
                    5
                ],
                "cz_gate": "cz",
                "cz_error": 0.002634263823087929,
                "readout_a": 0.003662109375,
                "readout_b": 0.0050048828125,
                "t1_a": 0.00011251585045176675,
                "t2_a": 8.738314788507692e-05,
                "t1_b": 0.00010996095864070031,
                "t2_b": 0.00012026864228454895,
                "score": 0.004801011869962929
            },
            {
                "pair": [
                    69,
                    78
                ],
                "cz_gate": "cz",
                "cz_error": 0.0018403690742568035,
                "readout_a": 0.0042724609375,
                "readout_b": 0.008056640625,
                "t1_a": 0.00011537331740847676,
                "t2_a": 7.851540751701982e-05,
                "t1_b": 8.436369267114573e-05,
                "t2_b": 4.9816427692476573e-05,
                "score": 0.0049226444648818035
            },
            {
                "pair": [
                    85,
                    84
                ],
                "cz_gate": "cz",
                "cz_error": 0.002378339206158653,
                "readout_a": 0.00732421875,
                "readout_b": 0.00341796875,
                "t1_a": 0.00018431485239528672,
                "t2_a": 3.574147465596209e-05,
                "t1_b": 0.00017625932177471541,
                "t2_b": 0.00017836921657256557,
                "score": 0.005063886081158653
            }
        ]
    },
    "precursor_exp36": {
        "job_id": "d8d6tdgv14cs73dhvahg",
        "XZ_R2": 0.971,
        "XY_R2": 0.897,
        "gamma_Z_endpoint": 0.0221,
        "gamma_Y_endpoint": 0.0245,
        "gamma_X_Phi+": 0.0051,
        "gamma_X_Psi+": 0.0114,
        "G3_exp36_confound": "b_XZ=0.0178 > b_XY=0.0137 because |Psi+> X-anchor 2x higher; absolute endpoints already pass Y(0.0245)>Z(0.0221)"
    },
    "design": {
        "meridian_XZ": "|Phi+>, n(eta)=(sin eta,0,cos eta), ideal <nn>=+1 flat, eta:0=Z..90=X",
        "meridian_XY": "|Psi+>, n(phi)=(cos phi,sin phi,0), ideal <nn>=+1 flat, phi:0=X..90=Y",
        "angles_deg_XZ": [
            0,
            15,
            30,
            45,
            60,
            75,
            90
        ],
        "angles_deg_XY": [
            0,
            15,
            30,
            45,
            60,
            75,
            80,
            90
        ],
        "extra_angle_rationale": "phi=80 added to X-Y to stabilize R2 near dirty-Y endpoint",
        "scale_factors": [
            1,
            3,
            5
        ],
        "shots": 4096,
        "circuits_total": 45,
        "seed_transpiler": 42,
        "calibration_gate": {
            "RO_MAX": 0.05,
            "CZ_MAX": 0.01
        }
    },
    "preregistered_criteria": {
        "G1": "both meridians gamma(theta) overlap-law R2>=0.90 AND >= linear-in-angle R2",
        "G2": "Spearman rho(gamma, overlap) >= +0.9 each meridian",
        "G3": "gamma_Y_endpoint(XY phi=90) > gamma_Z_endpoint(XZ eta=0) [REVISED from Exp36: endpoint-gamma ordering, immune to X-baseline confound]",
        "G4": "|gamma_X(merid1,eta=90) - gamma_X(merid2,phi=0)| < 0.03 (X-endpoint sanity)",
        "G5": "transpiled 2q count constant across angles within a meridian",
        "CONFIRM": "G1&G2&G3 PASS -> commutation-aligned compilation principle"
    },
    "calibration": {
        "available": true,
        "backend_name": "ibm_fez",
        "last_update_date": "2026-06-21T00:36:36+00:00",
        "device_median": {
            "T1_s": 0.00013914678831638698,
            "T2_s": 0.00010218834198349236,
            "readout_error": 0.0089111328125,
            "n_qubits": 156
        },
        "per_qubit": {
            "22": {
                "T1_s": 0.00018169035001587653,
                "T2_s": 0.00013626366803232818,
                "readout_error": 0.0040283203125
            },
            "23": {
                "T1_s": 0.0002163641735683409,
                "T2_s": 0.00017904615771439643,
                "readout_error": 0.00390625
            }
        },
        "two_qubit_gate_error": {
            "cz_22_23": 0.0015466466401434509
        },
        "selected_pair": [
            22,
            23
        ],
        "pair_selection_audit": {
            "gate": {
                "RO_MAX": 0.05,
                "CZ_MAX": 0.01,
                "scoring": "argmin cz_error + 0.25*(ro_a+ro_b)"
            },
            "n_edges_scanned": 176,
            "n_eligible": 134,
            "rejects": {
                "readout": 28,
                "tnull": 2,
                "cz": 12,
                "nocz": 0
            },
            "top5": [
                {
                    "pair": [
                        22,
                        23
                    ],
                    "cz_gate": "cz",
                    "cz_error": 0.0015466466401434509,
                    "readout_a": 0.0040283203125,
                    "readout_b": 0.00390625,
                    "t1_a": 0.00018169035001587653,
                    "t2_a": 0.00013626366803232818,
                    "t1_b": 0.0002163641735683409,
                    "t2_b": 0.00017904615771439643,
                    "score": 0.003530289218268451
                },
                {
                    "pair": [
                        21,
                        22
                    ],
                    "cz_gate": "cz",
                    "cz_error": 0.0020248563550818166,
                    "readout_a": 0.004638671875,
                    "readout_b": 0.0040283203125,
                    "t1_a": 0.0002036813208906177,
                    "t2_a": 0.00017126869562833515,
                    "t1_b": 0.00018169035001587653,
                    "t2_b": 0.00013626366803232818,
                    "score": 0.004191604401956817
                },
                {
                    "pair": [
                        4,
                        5
                    ],
                    "cz_gate": "cz",
                    "cz_error": 0.002634263823087929,
                    "readout_a": 0.003662109375,