{
    "experiment": "37",
    "title": "Commutation-Aligned Compilation Principle \u2014 Confound-Corrected Retest (ORQ#7)",
    "cycle": 3757,
    "backend": "ibm_marrakesh",
    "job_id": "FakeMarrakesh-sim",
    "selected_pair": [
        14,
        13
    ],
    "pair_selection_audit": {
        "gate": {
            "RO_MAX": 0.05,
            "CZ_MAX": 0.01,
            "scoring": "argmin cz_error + 0.25*(ro_a+ro_b)"
        },
        "n_edges_scanned": 176,
        "n_eligible": 126,
        "rejects": {
            "readout": 40,
            "tnull": 0,
            "cz": 10,
            "nocz": 0
        },
        "top5": [
            {
                "pair": [
                    14,
                    13
                ],
                "cz_gate": "cz",
                "cz_error": 0.0010363120130211234,
                "readout_a": 0.00390625,
                "readout_b": 0.005126953125,
                "t1_a": 0.0001957068542733523,
                "t2_a": 0.0001482310994153704,
                "t1_b": 0.00025963274174629555,
                "t2_b": 0.00038410413301557823,
                "score": 0.0032946127942711234
            },
            {
                "pair": [
                    13,
                    12
                ],
                "cz_gate": "cz",
                "cz_error": 0.0012392654545236303,
                "readout_a": 0.005126953125,
                "readout_b": 0.00390625,
                "t1_a": 0.00025963274174629555,
                "t2_a": 0.00038410413301557823,
                "t1_b": 0.0002244111894129498,
                "t2_b": 0.00018478361025693678,
                "score": 0.0034975662357736303
            },
            {
                "pair": [
                    6,
                    5
                ],
                "cz_gate": "cz",
                "cz_error": 0.001692163754732634,
                "readout_a": 0.002685546875,
                "readout_b": 0.005615234375,
                "t1_a": 0.0002837321682123092,
                "t2_a": 0.00021192104519795918,
                "t1_b": 0.0003250052824196547,
                "t2_b": 0.0003740719296507666,
                "score": 0.003767359067232634
            },
            {
                "pair": [
                    2,
                    1
                ],
                "cz_gate": "cz",
                "cz_error": 0.001548074406909461,
                "readout_a": 0.004150390625,
                "readout_b": 0.00537109375,
                "t1_a": 0.0002767558425857728,
                "t2_a": 0.000330259385137783,
                "t1_b": 0.00018284633518252,
                "t2_b": 0.00018717859000531474,
                "score": 0.003928445500659461
            },
            {
                "pair": [
                    19,
                    35
                ],
                "cz_gate": "cz",
                "cz_error": 0.0015591520399763081,
                "readout_a": 0.00439453125,
                "readout_b": 0.005859375,
                "t1_a": 0.00013687246063681104,
                "t2_a": 3.576891391928536e-05,
                "t1_b": 0.00043587354180505273,
                "t2_b": 0.0005347869789391219,
                "score": 0.004122628602476308
            }
        ]
    },
    "precursor_exp36": {
        "job_id": "d8d6tdgv14cs73dhvahg",
        "XZ_R2": 0.971,
        "XY_R2": 0.897,
        "gamma_Z_endpoint": 0.0221,
        "gamma_Y_endpoint": 0.0245,
        "gamma_X_Phi+": 0.0051,
        "gamma_X_Psi+": 0.0114,
        "G3_exp36_confound": "b_XZ=0.0178 > b_XY=0.0137 because |Psi+> X-anchor 2x higher; absolute endpoints already pass Y(0.0245)>Z(0.0221)"
    },
    "design": {
        "meridian_XZ": "|Phi+>, n(eta)=(sin eta,0,cos eta), ideal <nn>=+1 flat, eta:0=Z..90=X",
        "meridian_XY": "|Psi+>, n(phi)=(cos phi,sin phi,0), ideal <nn>=+1 flat, phi:0=X..90=Y",
        "angles_deg_XZ": [
            0,
            15,
            30,
            45,
            60,
            75,
            90
        ],
        "angles_deg_XY": [
            0,
            15,
            30,
            45,
            60,
            75,
            80,
            90
        ],
        "extra_angle_rationale": "phi=80 added to X-Y to stabilize R2 near dirty-Y endpoint",
        "scale_factors": [
            1,
            3,
            5
        ],
        "shots": 4096,
        "circuits_total": 45,
        "seed_transpiler": 42,
        "calibration_gate": {
            "RO_MAX": 0.05,
            "CZ_MAX": 0.01
        }
    },
    "preregistered_criteria": {
        "G1": "both meridians gamma(theta) overlap-law R2>=0.90 AND >= linear-in-angle R2",
        "G2": "Spearman rho(gamma, overlap) >= +0.9 each meridian",
        "G3": "gamma_Y_endpoint(XY phi=90) > gamma_Z_endpoint(XZ eta=0) [REVISED from Exp36: endpoint-gamma ordering, immune to X-baseline confound]",
        "G4": "|gamma_X(merid1,eta=90) - gamma_X(merid2,phi=0)| < 0.03 (X-endpoint sanity)",
        "G5": "transpiled 2q count constant across angles within a meridian",
        "CONFIRM": "G1&G2&G3 PASS -> commutation-aligned compilation principle"
    },
    "calibration": {
        "available": true,
        "backend_name": "ibm_marrakesh",
        "last_update_date": "2026-06-01T03:09:41+00:00",
        "device_median": {
            "T1_s": 0.00018547111451118665,
            "T2_s": 9.485669700457912e-05,
            "readout_error": 0.0130615234375,
            "n_qubits": 156
        },
        "per_qubit": {
            "7": {
                "T1_s": 0.0002992046963661931,
                "T2_s": 0.000237919698551548,
                "readout_error": 0.0040283203125
            },
            "17": {
                "T1_s": 0.00017928115711855077,
                "T2_s": 1.0015555896693867e-05,
                "readout_error": 0.003662109375
            }
        },
        "two_qubit_gate_error": {
            "cz_7_17": 0.001723086525730111
        },
        "selected_pair": [
            7,
            17
        ],
        "pair_selection_audit": {
            "gate": {
                "RO_MAX": 0.05,
                "CZ_MAX": 0.01,
                "scoring": "argmin cz_error + 0.25*(ro_a+ro_b)"
            },
            "n_edges_scanned": 176,
            "n_eligible": 132,
            "rejects": {
                "readout": 36,
                "tnull": 0,
                "cz": 8,
                "nocz": 0
            },
            "top5": [
                {
                    "pair": [
                        7,
                        17
                    ],
                    "cz_gate": "cz",
                    "cz_error": 0.001723086525730111,
                    "readout_a": 0.0040283203125,
                    "readout_b": 0.003662109375,
                    "t1_a": 0.0002992046963661931,
                    "t2_a": 0.000237919698551548,
                    "t1_b": 0.00017928115711855077,
                    "t2_b": 1.0015555896693867e-05,
                    "score": 0.003645693947605111
                },
                {
                    "pair": [
                        8,
                        7
                    ],
                    "cz_gate": "cz",
                    "cz_error": 0.0023921654528832603,
                    "readout_a": 0.0018310546875,
                    "readout_b": 0.0040283203125,
                    "t1_a": 0.0002833211953281044,
                    "t2_a": 0.00016732059922922512,
                    "t1_b": 0.0002992046963661931,
                    "t2_b": 0.000237919698551548,
                    "score": 0.0038570092028832603
                },
                {
                    "pair": [
                        7,
                        6
                    ],
                    "cz_gate": "cz",
                    "cz_error": 0.0016187306682155234,
                    "readout_a": 0.0040283203125,
                    "readout_b": 0.005615234375,