{
  "experiment": "38",
  "title": "X-Basis QAOA vs Standard QAOA \u2014 Commutation-Aligned Depth Extension",
  "backend": "FakeMarrakesh",
  "problem": "4-node ring MaxCut (max_cut=4)",
  "edges": [
    [
      0,
      1
    ],
    [
      1,
      2
    ],
    [
      2,
      3
    ],
    [
      0,
      3
    ]
  ],
  "shots": 1024,
  "p_values": [
    1,
    4,
    8,
    16,
    24
  ],
  "standard_qaoa": {
    "1": 0.50048828125,
    "4": 0.11572265625,
    "8": 0.12939453125,
    "16": 0.126953125,
    "24": 0.1259765625
  },
  "xbasis_qaoa": {
    "1": 0.482421875,
    "4": 0.27392578125,
    "8": 0.27685546875,
    "16": 0.27197265625,
    "24": 0.27587890625
  },
  "entropy_standard": {
    "1": 0.9967348274550838,
    "4": 0.9968384395140851,
    "8": 0.9984650355669794,
    "16": 0.9958552835359167,
    "24": 0.9980633837901052
  },
  "entropy_xbasis": {
    "1": 0.9975329256313847,
    "4": 0.07293493607213039,
    "8": 0.07025705850275271,
    "16": 0.048812438843235745,
    "24": 0.06993579509214932
  },
  "goals": {
    "G1": {
      "criterion": "r_X >= r_Z + 0.05 at p=8",
      "r_standard": 0.12939453125,
      "r_xbasis": 0.27685546875,
      "difference": 0.1474609375,
      "result": "PASS"
    },
    "G2": {
      "criterion": "X-basis noise wall p >= 20",
      "standard_wall_p": 1,
      "xbasis_wall_p": 1,
      "result": "FAIL"
    },
    "G3": {
      "criterion": "X-basis entropy < Standard entropy at p=4 (fixed params)",
      "entropy_standard": 0.9968384395140851,
      "entropy_xbasis": 0.07293493607213039,
      "result": "PASS"
    },
    "G4": {
      "criterion": "Both converge near same ratio at p=1",
      "r_standard": 0.50048828125,
      "r_xbasis": 0.482421875,
      "result": "PASS"
    }
  },
  "verdict": {
    "goals_passed": "3/4",
    "G1_or_G2": true,
    "conclusion": "Commutation principle EXTENDS to QAOA depth advantage"
  }
}