{
  "experiment": "38",
  "title": "X-Basis QAOA vs Standard QAOA \u2014 Commutation-Aligned Depth Extension",
  "backend": "FakeMarrakesh",
  "problem": "4-node ring MaxCut (max_cut=4)",
  "edges": [
    [
      0,
      1
    ],
    [
      1,
      2
    ],
    [
      2,
      3
    ],
    [
      0,
      3
    ]
  ],
  "shots": 1024,
  "p_values": [
    1,
    4,
    8,
    16,
    24
  ],
  "standard_qaoa": {
    "1": 0.76171875,
    "4": 0.9892578125,
    "8": 0.99169921875,
    "16": 0.98828125,
    "24": 0.98583984375
  },
  "xbasis_qaoa": {
    "1": 0.51708984375,
    "4": 0.6767578125,
    "8": 0.74609375,
    "16": 0.7333984375,
    "24": 0.74755859375
  },
  "entropy_standard": {
    "1": 0.9986702989469758,
    "4": 0.9977224842739705,
    "8": 0.9972317038663371,
    "16": 0.9984918302859953,
    "24": 0.9972182568448258
  },
  "entropy_xbasis": {
    "1": 0.9985911200500357,
    "4": 0.054308279749859106,
    "8": 0.05596663494423661,
    "16": 0.06483958442346952,
    "24": 0.04739617878163114
  },
  "goals": {
    "G1": {
      "criterion": "r_X >= r_Z + 0.05 at p=8",
      "r_standard": 0.99169921875,
      "r_xbasis": 0.74609375,
      "difference": -0.24560546875,
      "result": "FAIL"
    },
    "G2": {
      "criterion": "X-basis noise wall p >= 20",
      "standard_wall_p": 1,
      "xbasis_wall_p": 1,
      "result": "FAIL"
    },
    "G3": {
      "criterion": "X-basis entropy < Standard entropy at p=4 (fixed params)",
      "entropy_standard": 0.9977224842739705,
      "entropy_xbasis": 0.054308279749859106,
      "result": "PASS"
    },
    "G4": {
      "criterion": "Both converge near same ratio at p=1",
      "r_standard": 0.76171875,
      "r_xbasis": 0.51708984375,
      "result": "FAIL"
    }
  },
  "verdict": {
    "goals_passed": "1/4",
    "G1_or_G2": false,
    "conclusion": "Commutation principle does NOT extend to QAOA depth advantage \u2014 pivot needed"
  }
}