{
  "experiment": "Exp59",
  "title": "x0-Selection (anchor-vs-cold-luck mediation)",
  "author": "Elder",
  "cycle": "C6017",
  "mode": "RUN",
  "instance": "EDGES_20",
  "opt_seeds": [
    42,
    43,
    44,
    45,
    46,
    47,
    48,
    49,
    50,
    51,
    52,
    53
  ],
  "shots": 256,
  "maxiter": 20,
  "edges20_threshold_context": 0.64,
  "summary": {
    "n": 12,
    "mean": {
      "cold": 0.6224208733974358,
      "p3": 0.6241361177884616,
      "warm": 0.6415139222756411,
      "lift": 0.01909304887820516
    },
    "std": {
      "cold": 0.021473501124804516,
      "p3": 0.032289167514863285,
      "warm": 0.037924536943582395,
      "lift": 0.05268999968684823
    },
    "lift_pos": 9,
    "H1": {
      "rho_p3_warm": 0.6713286713286714,
      "rho_p3_lift": 0.8531468531468532,
      "supported": true
    },
    "H2": {
      "rho_warm_lift": 0.8741258741258742,
      "rho_cold_lift": -0.7202797202797203,
      "var_lift": 0.002776236067000067,
      "var_warm": 0.0014382705023851458,
      "var_cold": 0.00046111125055698076,
      "cov_warm_cold": -0.00047828417130433144,
      "var_share_warm": 0.7572308727075412,
      "var_share_cold": 0.24276912729245886,
      "dominant_path": "warm-anchor"
    },
    "H3": {
      "rho_by_stat": {
        "mean": -0.2517482517482518,
        "std": -0.3846153846153847,
        "abs_dist_pi_mean": 0.0
      },
      "a_priori_signal": true
    }
  },
  "data": [
    {
      "seed": 42,
      "r_cold_p5": 0.603515625,
      "r_p3_base": 0.6292067307692307,
      "r_warm_p5": 0.6870492788461539,
      "lift": 0.08353365384615385,
      "x0_cold": [
        2.353304971691044,
        5.9735141613602165,
        4.599253580133889,
        3.761482191925223,
        0.980294029274052,
        0.9801424781769557,
        0.3649500985631483,
        5.442345232562516,
        3.776917009710014,
        4.448951217224888
      ],
      "x0_p3": [
        0.12933619211510794,
        6.094123332392967,
        5.230391369746984,
        1.3341659803533248,
        1.1424399624340646,
        1.152364521581569
      ],
      "x0_cold_stats": {
        "mean": 3.268115497062195,
        "std": 1.8827969454139,
        "min": 0.3649500985631483,
        "max": 5.9735141613602165,
        "abs_dist_pi_mean": 1.704058650803196
      },
      "x0_p3_stats": {
        "mean": 2.5138035597706696,
        "std": 2.27339404197539,
        "min": 0.12933619211510794,
        "max": 6.094123332392967,
        "abs_dist_pi_mean": 2.3082322254725782
      },
      "elapsed_s": 39154.88896512985,
      "max_cut": 26
    },
    {
      "seed": 43,
      "r_cold_p5": 0.5970552884615384,
      "r_p3_base": 0.6234975961538461,
      "r_warm_p5": 0.6302584134615384,
      "lift": 0.033203125,
      "x0_cold": [
        0.7229091610641774,
        3.826877930695556,
        0.83812014628392,
        1.5116691652261998,
        2.0554753088771562,
        5.398120059975364,
        4.185168240193635,
        3.400222461019883,
        0.1822992353282295,
        4.610276514356327
      ],
      "x0_p3": [
        2.481544152876003,
        5.03941067143336,
        1.598575079838882,
        0.3574185981663585,
        5.445314006985012,
        1.388766139401339
      ],
      "x0_cold_stats": {
        "mean": 2.673113822302045,
        "std": 1.7444057379796662,
        "min": 0.1822992353282295,
        "max": 5.398120059975364,
        "abs_dist_pi_mean": 1.6110192189461081
      },
      "x0_p3_stats": {
        "mean": 2.7185047747834923,
        "std": 1.891886994498596,
        "min": 0.3574185981663585,
        "max": 5.445314006985012,
        "abs_dist_pi_mean": 1.8236010025525629
      },
      "elapsed_s": 36018.30226659775,
      "max_cut": 26
    },
    {
      "seed": 44,
      "r_cold_p5": 0.6433293269230769,
      "r_p3_base": 0.5710637019230769,
      "r_warm_p5": 0.5767728365384616,
      "lift": -0.06655649038461531,
      "x0_cold": [
        5.245467922310245,
        0.658453343226424,
        4.678714133619876,
        2.2650935575914484,
        2.2576165768260648,
        3.827957641669855,
        2.474189889665474,
        2.5702790118476058,
        3.2038113280288822,
        4.461991437595735
      ],
      "x0_p3": [
        6.035164265372919,
        2.86903504263318,
        2.6870137537273027,
        0.7129134597752139,
        1.3690989743291249,
        6.015974436402376
      ],
      "x0_cold_stats": {
        "mean": 3.164357484238161,
        "std": 1.3224879264272067,
        "min": 0.658453343226424,
        "max": 5.245467922310245,
        "abs_dist_pi_mean": 1.1192310084067576
      },
      "x0_p3_stats": {
        "mean": 3.2815333220400196,
        "std": 2.075189672405139,
        "min": 0.7129134597752139,
        "max": 6.035164265372919,
        "abs_dist_pi_mean": 1.7827104630816766
      },
      "elapsed_s": 15294.721630811691,
      "max_cut": 26
    },
    {
      "seed": 45,
      "r_cold_p5": 0.6541466346153846,
      "r_p3_base": 0.6095252403846154,
      "r_warm_p5": 0.6802884615384616,
      "lift": 0.026141826923076983,
      "x0_cold": [
        6.214142610101336,
        3.452891353348798,
        1.7683855523893872,
        0.48562466598694365,
        2.7926842065795494,
        2.9707400886850754,
        0.30487272317033526,
        1.0261977732853949,
        0.7285398068409037,
        3.9420182026151265
      ],
      "x0_p3": [
        5.379550468006946,
        4.0847139803391865,
        6.224887933174416,
        2.955300911591587,
        3.884858814660615,
        1.7760504388981286
      ],
      "x0_cold_stats": {
        "mean": 2.3686096983002853,
        "std": 1.7787247000401762,
        "min": 0.30487272317033526,
        "max": 6.214142610101336,
        "abs_dist_pi_mean": 1.6098377963486847
      },
      "x0_p3_stats": {
        "mean": 4.050893757778479,
        "std": 1.466033568746595,
        "min": 1.7760504388981286,
        "max": 6.224887933174416,
        "abs_dist_pi_mean": 1.4265790897519768
      },
      "elapsed_s": 1839.8005616664886,
      "max_cut": 26
    },
    {
      "seed": 46,
      "r_cold_p5": 0.6165865384615384,
      "r_p3_base": 0.6122295673076923,
      "r_warm_p5": 0.6182391826923077,
      "lift": 0.0016526442307692735,
      "x0_cold": [
        4.9249639098747275,
        3.9887778143728783,
        1.5647838934663345,
        4.763131134495195,
        1.9671204019777797,
        5.888835993910921,
        0.26933155527261005,
        2.770050335007501,
        5.7348032816561405,
        2.8588739381098685
      ],
      "x0_p3": [
        3.1914455865220135,
        0.5334924140287285,
        2.678834742942073,
        4.685477844463168,
        5.448033085030487,
        2.0336523680184246
      ],
      "x0_cold_stats": {
        "mean": 3.4730672258143955,
        "std": 1.7898163176953832,
        "min": 0.26933155527261005,
        "max": 5.888835993910921,
        "abs_dist_pi_mean": 1.5870352010475768
      },
      "x0_p3_stats": {
        "mean": 3.09515600683415,
        "std": 1.6297576255479647,
        "min": 0.5334924140287285,
        "max": 5.448033085030487,
        "abs_dist_pi_mean": 1.346496165171074
      },
      "elapsed_s": 1839.2796185016632,
      "max_cut": 26
    },
    {
      "seed": 47,
      "r_cold_p5": 0.6213942307692307,
      "r_p3_base": 0.6143329326923077,
      "r_warm_p5": 0.6696213942307693,
      "lift": 0.04822716346153855,
      "x0_cold": [
        0.7130690991364421,
        6.1228578610580415,
        4.5787747420470515,
        2.2083373539316686,
        4.446014207994238,
        5.0240638847036365,
        4.056184759122109,
        2.6050061602471146,
        4.4361236764437155,
        1.5497437715913585
      ],
      "x0_p3": [
        1.6084478830805367,
        0.15086778757161745,
        0.6203134689433215,
        1.8876977964034567,
        4.026614978841081,
        2.024492245166633
      ],