{
  "experiment": "Exp66-noiseless-granular",
  "title": "Noiseless vs FakeMarrakesh granular escalation comparison (Part A)",
  "author": "Ember",
  "cycle": "C3981",
  "pre_registration": "experiments/exp66-noiseless-vs-noisy-granular-preregistration.md",
  "simulator": "AerSimulator-noiseless",
  "mode": "RUN",
  "k_max": 3,
  "shots": 256,
  "maxiter": 20,
  "exp64_baseline": {
    "granular_capk": 0.5625,
    "binary_capk": 0.5025,
    "loo_capture": 0.96,
    "mean_k": 1.706
  },
  "summary": {
    "granular": {
      "loo_capture": 0.8624760152156107,
      "mean_k_used": 1.6470588235294117,
      "k_dist": {
        "1": 8,
        "2": 7,
        "3": 2
      },
      "capture_per_k": 0.5236461520951923,
      "bootstrap95_capture": [
        0.7226361377973467,
        0.9976528405502523
      ]
    },
    "binary": {
      "loo_capture": 0.9433959088409879,
      "mean_k_used": 2.0588235294117645,
      "k_dist": {
        "1": 8,
        "3": 9
      },
      "capture_per_k": 0.4582208700084799
    },
    "noise_erosion": {
      "noiseless_capk": 0.5236461520951923,
      "fakemarrakesh_capk": 0.5625,
      "ratio_noiseless_over_noisy": 0.9309264926136751
    },
    "hypotheses": {
      "H1": false,
      "H2": false,
      "H3": true
    }
  },
  "data": [
    {
      "seed": 42,
      "k_max": 3,
      "r_cold_p5": 0.6520432692307693,
      "r_p3_anchors": [
        0.6612079326923077,
        0.5914963942307693,
        0.5809795673076923
      ],
      "bestfirst_idx": [
        0,
        0,
        0
      ],
      "r_warm_byk": [
        0.6667668269230769,
        0.6667668269230769,
        0.6667668269230769
      ],
      "lift_byk": [
        0.014723557692307598,
        0.014723557692307598,
        0.014723557692307598
      ],
      "n_warm_opts": 1,
      "elapsed_s": 5.280515432357788,
      "instance": "EDGES_20",
      "max_cut": 26
    },
    {
      "seed": 43,
      "k_max": 3,
      "r_cold_p5": 0.6057692307692307,
      "r_p3_anchors": [
        0.6188401442307693,
        0.6224459134615384,
        0.5892427884615384
      ],
      "bestfirst_idx": [
        0,
        1,
        1
      ],
      "r_warm_byk": [
        0.6239483173076923,
        0.6364182692307693,
        0.6364182692307693
      ],
      "lift_byk": [
        0.018179086538461564,
        0.030649038461538547,
        0.030649038461538547
      ],
      "n_warm_opts": 2,
      "elapsed_s": 6.897730112075806,
      "instance": "EDGES_20",
      "max_cut": 26
    },
    {
      "seed": 44,
      "k_max": 3,
      "r_cold_p5": 0.5993088942307693,
      "r_p3_anchors": [
        0.5590444711538461,
        0.6856971153846154,
        0.6939603365384616
      ],
      "bestfirst_idx": [
        0,
        1,
        2
      ],
      "r_warm_byk": [
        0.5772235576923077,
        0.6850961538461539,
        0.693359375
      ],
      "lift_byk": [
        -0.022085336538461564,
        0.08578725961538458,
        0.09405048076923073
      ],
      "n_warm_opts": 3,
      "elapsed_s": 8.819438934326172,
      "instance": "EDGES_20",
      "max_cut": 26
    },
    {
      "seed": 45,
      "k_max": 3,
      "r_cold_p5": 0.5978064903846154,
      "r_p3_anchors": [
        0.5994591346153846,
        0.6905048076923077,
        0.5868389423076923
      ],
      "bestfirst_idx": [
        0,
        1,
        1
      ],
      "r_warm_byk": [
        0.6870492788461539,
        0.6954627403846154,
        0.6954627403846154
      ],
      "lift_byk": [
        0.08924278846153844,
        0.09765625,
        0.09765625
      ],
      "n_warm_opts": 2,
      "elapsed_s": 8.635004758834839,
      "instance": "EDGES_20",
      "max_cut": 26
    },
    {
      "seed": 46,
      "k_max": 3,
      "r_cold_p5": 0.6137319711538461,
      "r_p3_anchors": [
        0.5919471153846154,
        0.6673677884615384,
        0.6856971153846154
      ],
      "bestfirst_idx": [
        0,
        1,
        2
      ],
      "r_warm_byk": [
        0.5939002403846154,
        0.6829927884615384,
        0.6917067307692307
      ],
      "lift_byk": [
        -0.019831730769230727,
        0.06926081730769229,
        0.07797475961538458
      ],
      "n_warm_opts": 3,
      "elapsed_s": 10.01045274734497,
      "instance": "EDGES_20",
      "max_cut": 26
    },
    {
      "seed": 47,
      "k_max": 3,
      "r_cold_p5": 0.6379206730769231,
      "r_p3_anchors": [
        0.615234375,
        0.6841947115384616,
        0.5826322115384616
      ],
      "bestfirst_idx": [
        0,
        1,
        1
      ],
      "r_warm_byk": [
        0.6678185096153846,
        0.6864483173076923,
        0.6864483173076923
      ],
      "lift_byk": [
        0.029897836538461453,
        0.04852764423076916,
        0.04852764423076916
      ],
      "n_warm_opts": 2,
      "elapsed_s": 8.204157829284668,
      "instance": "EDGES_20",
      "max_cut": 26
    },
    {
      "seed": 48,
      "k_max": 3,
      "r_cold_p5": 0.6454326923076923,
      "r_p3_anchors": [
        0.5942007211538461,
        0.6923076923076923,
        0.6762319711538461
      ],
      "bestfirst_idx": [
        0,
        1,
        1
      ],
      "r_warm_byk": [
        0.6063701923076923,
        0.6917067307692307,
        0.6917067307692307
      ],
      "lift_byk": [
        -0.0390625,
        0.046274038461538436,
        0.046274038461538436
      ],
      "n_warm_opts": 2,
      "elapsed_s": 8.483818769454956,
      "instance": "EDGES_20",
      "max_cut": 26
    },
    {
      "seed": 49,
      "k_max": 3,
      "r_cold_p5": 0.685546875,
      "r_p3_anchors": [
        0.5788762019230769,
        0.5808293269230769,
        0.6624098557692307
      ],
      "bestfirst_idx": [
        0,
        1,
        2
      ],
      "r_warm_byk": [
        0.5772235576923077,
        0.5754206730769231,
        0.6571514423076923
      ],
      "lift_byk": [
        -0.10832331730769229,
        -0.11012620192307687,
        -0.02839543269230771
      ],
      "n_warm_opts": 3,
      "elapsed_s": 9.611321449279785,
      "instance": "EDGES_20",
      "max_cut": 26
    },
    {
      "seed": 42,
      "k_max": 3,
      "r_cold_p5": 0.5844350961538461,
      "r_p3_anchors": [
        0.7283653846153846,
        0.5893930288461539,
        0.5842848557692307
      ],
      "bestfirst_idx": [
        0,
        0,
        0
      ],
      "r_warm_byk": [
        0.7384314903846154,
        0.7384314903846154,
        0.7384314903846154
      ],
      "lift_byk": [
        0.15399639423076927,
        0.15399639423076927,
        0.15399639423076927
      ],
      "n_warm_opts": 1,
      "elapsed_s": 5.792982578277588,
      "instance": "rand_seed101",
      "max_cut": 26
    },
    {
      "seed": 43,
      "k_max": 3,
      "r_cold_p5": 0.6302584134615384,
      "r_p3_anchors": [
        0.6385216346153846,
        0.5899939903846154,
        0.5821814903846154
      ],
      "bestfirst_idx": [
        0,
        0,
        0
      ],
      "r_warm_byk": [
        0.7164963942307693,
        0.7164963942307693,
        0.7164963942307693
      ],
      "lift_byk": [
        0.08623798076923084,
        0.08623798076923084,
        0.08623798076923084
      ],
      "n_warm_opts": 1,
      "elapsed_s": 6.029640436172485,
      "instance": "rand_seed101",
      "max_cut": 26
    },
    {
      "seed": 44,
      "k_max": 3,
      "r_cold_p5": 0.6666165865384616,
      "r_p3_anchors": [
        0.5680588942307693,
        0.7391826923076923,
        0.7672776442307693
      ],
      "bestfirst_idx": [
        0,
        1,
        2
      ],
      "r_warm_byk": [
        0.5850360576923077,
        0.7420372596153846,
        0.7678786057692307
      ],
      "lift_byk": [
        -0.08158052884615385,
        0.07542067307692302,
        0.10126201923076916
      ],
      "n_warm_opts": 3,
      "elapsed_s": 9.144559383392334,
      "instance": "rand_seed101",