{
  "local_records": [
    {
      "seed": 42,
      "r_cold_fake": 0.6036658653846154,
      "r_warm_fake": 0.6784855769230769,
      "lift_fake": 0.07481971153846145,
      "r_p3_anchors": [
        0.6075721153846154,
        0.5967548076923077
      ],
      "x_cold_p5": [
        2.853304971691044,
        6.4735141613602165,
        4.599253580133889,
        3.761482191925223,
        0.980294029274052,
        0.9801424781769557,
        0.3649500985631483,
        5.442345232562516,
        4.276917009710014,
        4.448951217224888
      ],
      "x_warm_p5": [
        1.1451329192529272,
        5.946799250221039,
        5.04377989581162,
        0.0,
        0.0,
        0.9365982941229941,
        1.5317452327228607,
        0.8273931027401947,
        0.0,
        0.0
      ],
      "best_anchor_idx": 0
    },
    {
      "seed": 44,
      "r_cold_fake": 0.6343149038461539,
      "r_warm_fake": 0.6890024038461539,
      "lift_fake": 0.0546875,
      "r_p3_anchors": [
        0.5685096153846154,
        0.6871995192307693
      ],
      "x_cold_p5": [
        5.245467922310245,
        1.158453343226424,
        4.678714133619876,
        2.2650935575914484,
        2.2576165768260648,
        4.327957641669855,
        2.474189889665474,
        2.5702790118476058,
        3.2038113280288822,
        4.461991437595735
      ],
      "x_warm_p5": [
        6.989707576333534,
        5.5406653668767065,
        4.561517348098695,
        0.0,
        0.5,
        1.843500917889475,
        3.9991031669508303,
        0.8742816860206539,
        0.0,
        0.0
      ],
      "best_anchor_idx": 1
    },
    {
      "seed": 45,
      "r_cold_fake": 0.5907451923076923,
      "r_warm_fake": 0.6871995192307693,
      "lift_fake": 0.09645432692307698,
      "r_p3_anchors": [
        0.5892427884615384,
        0.671875
      ],
      "x_cold_p5": [
        6.714142610101336,
        3.952891353348798,
        2.268385552389387,
        0.9856246659869436,
        2.7926842065795494,
        2.9707400886850754,
        0.30487272317033526,
        1.0261977732853949,
        0.7285398068409037,
        3.9420182026151265
      ],
      "x_warm_p5": [
        6.069911592410834,
        4.729010962876904,
        3.267592726334286,
        0.5,
        0.0,
        2.320503721320592,
        3.2025375658790756,
        0.7066126480976478,
        0.0,
        0.0
      ],
      "best_anchor_idx": 1
    },
    {
      "seed": 46,
      "r_cold_fake": 0.6120793269230769,
      "r_warm_fake": 0.6550480769230769,
      "lift_fake": 0.04296875,
      "r_p3_anchors": [
        0.5991586538461539,
        0.6643629807692307
      ],
      "x_cold_p5": [
        4.9249639098747275,
        4.488777814372878,
        1.5647838934663345,
        4.763131134495195,
        1.9671204019777797,
        5.888835993910921,
        0.26933155527261005,
        2.770050335007501,
        5.7348032816561405,
        2.8588739381098685
      ],
      "x_warm_p5": [
        0.5914187770480765,
        5.039793494760094,
        2.980802301893593,
        0.0,
        0.5,
        3.944301837561444,
        0.2261226883724315,
        1.8843765967631303,
        0.5,
        0.0
      ],
      "best_anchor_idx": 1
    }
  ],
  "job_ids": [
    "d8un4ttposuc738qemqg",
    "d8un4uctqbtc73d22qh0",
    "d8un4ukbp3hs73869rlg",
    "d8un4utbh0os73eraj2g"
  ],
  "backend": "ibm_marrakesh",
  "shots": 128,
  "submitted_at": "2026-06-25T18:24:59Z"
}