{
  "experiment": "exp78",
  "backend": "ibm_marrakesh",
  "shots": 4096,
  "job_ids": [
    "d91l366u9n7c73amv2ig",
    "d91l36b57qjs73b6jc5g"
  ],
  "a_discrete": 0.47895584511108835,
  "a_continuous": 0.47895584511108835,
  "loader_depth": 32
}