{
  "rounds": 1,
  "placement": "none",
  "backend": "ibm_fez",
  "zz": 0.014,
  "xx_b0": 0.1,
  "xx_b1": -0.09787234042553192,
  "xx_cond": 0.09893617021276596,
  "witness": 0.11293617021276596,
  "finalized_at": "2026-07-01T00:43:06Z"
}