{
  "rounds": 0,
  "placement": "none",
  "backend": "ibm_fez",
  "zz": 0.235,
  "xx_b0": 0.31485148514851485,
  "xx_b1": -0.35555555555555557,
  "xx_cond": 0.3352035203520352,
  "witness": 0.5702035203520353,
  "finalized_at": "2026-07-01T00:40:45Z"
}