{
  "seed": 42,
  "local_record": {
    "seed": 42,
    "r_cold_fake": 0.6036658653846154,
    "r_warm_fake": 0.6784855769230769,
    "lift_fake": 0.07481971153846145,
    "r_p3_anchors": [
      0.6075721153846154,
      0.5967548076923077
    ],
    "x_cold_p5": [
      2.853304971691044,
      6.4735141613602165,
      4.599253580133889,
      3.761482191925223,
      0.980294029274052,
      0.9801424781769557,
      0.3649500985631483,
      5.442345232562516,
      4.276917009710014,
      4.448951217224888
    ],
    "x_warm_p5": [
      1.1451329192529272,
      5.946799250221039,
      5.04377989581162,
      0.0,
      0.0,
      0.9365982941229941,
      1.5317452327228607,
      0.8273931027401947,
      0.0,
      0.0
    ],
    "best_anchor_idx": 0
  },
  "best_layout": [
    35,
    34,
    15,
    14,
    13,
    12,
    11,
    33,
    32,
    10,
    31,
    30,
    9,
    8,
    7,
    6,
    5,
    17,
    4,
    19
  ],
  "best_pick_qubits": [
    19,
    35,
    34,
    15,
    14,
    13,
    12,
    11,
    33,
    32,
    10,
    31,
    30,
    9,
    8,
    7,
    6,
    5,
    17,
    4
  ],
  "job_id_best": "d922637ccmks73d62ef0",
  "job_id_default": "d92263b57qjs73b78nog",
  "backend": "ibm_marrakesh",
  "shots": 128,
  "submitted_at": "2026-06-30T20:11:57Z"
}