{
  "backend": "ibm_fez",
  "zz": 0.712,
  "xx_b0": 0.7867203219315896,
  "xx_b1": -0.7872763419483101,
  "xx_cond": 0.7869983319399498,
  "witness": 1.4989983319399498,
  "finalized_at": "2026-07-01T01:09:51Z"
}