{
  "experiment": "exp81",
  "a_discrete": 0.24632723018639702,
  "a_continuous": 0.24632723018639702,
  "strike": 752.0,
  "triples": {
    "BEST": {
      "layout": [
        14,
        15,
        13
      ],
      "score": 0.02590359027309988,
      "path": [
        13,
        14,
        15
      ],
      "msb_phys": 13,
      "msb_readout": 0.00439453125,
      "ro": [
        0.0048828125,
        0.00537109375,
        0.00439453125
      ]
    },
    "WORST": {
      "layout": [
        81,
        82,
        83
      ],
      "score": 2.983154296875,
      "path": [
        81,
        82,
        83
      ],
      "msb_phys": 83,
      "msb_readout": 0.146240234375,
      "ro": [
        0.041748046875,
        0.502685546875,
        0.146240234375
      ]
    }
  },
  "jobids": {
    "BEST": [
      "d91m80nccmks73d5etng",
      "d91m80vqq29s738nvn50"
    ],
    "WORST": [
      "d91m817qq29s738nvn5g",
      "d91m81fccmks73d5etog"
    ],
    "DEFAULT": [
      "d91m81nqq29s738nvn70",
      "d91m81vccmks73d5etp0"
    ]
  },
  "shots": 8192
}