{
  "arm0": {
    "42": {
      "seed": 42,
      "ratio": 0.6921950120192307,
      "trapped": false,
      "x": [
        2.3536996018392027,
        6.785881914992359,
        4.604187660007366,
        4.6252825652913385,
        0.8487675998031121,
        0.7377380905669443
      ]
    },
    "43": {
      "seed": 43,
      "ratio": 0.6968524639423077,
      "trapped": false,
      "x": [
        0.766974491195655,
        3.7846160608991113,
        1.5037380466531225,
        1.474794248817405,
        2.4354902630310784,
        5.374858466182221
      ]
    },
    "44": {
      "seed": 44,
      "ratio": 0.7063551682692307,
      "trapped": false,
      "x": [
        5.143676783007132,
        0.9921610878873887,
        4.620022284939663,
        2.9201779449007987,
        2.1347891103752565,
        3.992123928232202
      ]
    },
    "45": {
      "seed": 45,
      "ratio": 0.6888521634615384,
      "trapped": false,
      "x": [
        6.336983268767025,
        4.704858021558895,
        0.9564580424340046,
        0.8186016923847724,
        2.4566518815266405,
        3.314368057890634
      ]
    },
    "46": {
      "seed": 46,
      "ratio": 0.6927959735576923,
      "trapped": false,
      "x": [
        4.948273901633205,
        4.743105586069818,
        1.5229960547894106,
        4.457745255722569,
        2.353742276521402,
        5.759878576615239
      ]
    },
    "47": {
      "seed": 47,
      "ratio": 0.6923076923076923,
      "trapped": false,
      "x": [
        0.8095304279505947,
        6.24822901398995,
        4.742664792183703,
        2.0891352769672102,
        4.993005429632612,
        5.49452086476336
      ]
    },
    "48": {
      "seed": 48,
      "ratio": 0.69140625,
      "trapped": false,
      "x": [
        0.1120305359805111,
        6.275334416187315,
        1.573798226763691,
        2.5623161786528943,
        4.426398738439821,
        2.4532251380870678
      ]
    },
    "49": {
      "seed": 49,
      "ratio": 0.6926832932692307,
      "trapped": false,
      "x": [
        1.8470604558180188,
        2.0947650797239694,
        5.750923281884409,
        5.470522220857474,
        4.706895841179628,
        3.9571044906121045
      ]
    },
    "50": {
      "seed": 50,
      "ratio": 0.6933218149038461,
      "trapped": false,
      "x": [
        3.0467057628990073,
        1.5440584789086307,
        2.1305256204163405,
        2.396112095525651,
        2.3346733427020263,
        6.264104278263554
      ]
    },
    "51": {
      "seed": 51,
      "ratio": 0.5862755408653846,
      "trapped": true,
      "x": [
        4.244913352392153,
        0.7816804222825157,
        2.656861768150629,
        4.050026142052305,
        2.273917371318749,
        5.9421361356733255
      ]
    }
  },
  "T": [
    51
  ]
}