{
  "mode": "FULL",
  "arms": [
    "A"
  ],
  "data": [
    {
      "seed": 42,
      "shots": 1024,
      "p3_base": {
        "ratio": 0.6714242788461539,
        "escaped": true,
        "x": [
          1.9978796739752525,
          6.959511646059022,
          4.521139498362508,
          4.5891895503541615,
          0.8973098910006657,
          0.7208063284400948
        ]
      },
      "A_p3to5": {
        "ratio": 0.6856971153846154,
        "escaped": true,
        "x": [
          2.522036600176106,
          6.95152636917294,
          4.585700903477008,
          0.002456295911635602,
          0.5287725124070168,
          4.602953213760516,
          0.8655370315612102,
          0.660157346189507,
          -0.042957191626591264,
          0.005835819123121894
        ]
      },
      "elapsed_s": 9407.19023513794
    },
    {
      "seed": 43,
      "shots": 1024,
      "p3_base": {
        "ratio": 0.6806640625,
        "escaped": true,
        "x": [
          0.6437602622269067,
          3.7859829280350983,
          1.4750362521034048,
          1.5005046819915229,
          2.505319072852692,
          5.319341660741301
        ]
      },
      "A_p3to5": {
        "ratio": 0.6864858774038461,
        "escaped": true,
        "x": [
          0.645891704971002,
          3.7961538356320603,
          1.5403961305202556,
          0.001065500625600187,
          0.011248611970037105,
          1.4555759587288486,
          2.4772315580977575,
          5.281999715730792,
          0.024082490493719556,
          -0.0032843691085224468
        ]
      },
      "elapsed_s": 9410.537189245224
    },
    {
      "seed": 44,
      "shots": 1024,
      "p3_base": {
        "ratio": 0.6147085336538461,
        "escaped": false,
        "x": [
          5.861910089304224,
          0.654419533645852,
          5.157468482835708,
          2.838155421715332,
          2.2617056335934986,
          3.6601838706485434
        ]
      },
      "A_p3to5": {
        "ratio": 0.65625,
        "escaped": true,
        "x": [
          5.9271540415891355,
          0.6054816451784918,
          5.003612637264175,
          0.01126389263997556,
          0.019468896216824155,
          2.927544060934324,
          2.265994792984852,
          3.652260101544581,
          0.05817317945734263,
          0.060245643513015576
        ]
      },
      "elapsed_s": 9686.608309984207
    },
    {
      "seed": 45,
      "shots": 1024,
      "p3_base": {
        "ratio": 0.6882512019230769,
        "escaped": true,
        "x": [
          5.686972999796436,
          4.109898725698742,
          1.5338729142544825,
          1.6328666629597937,
          2.4035485305881923,
          3.898507172090826
        ]
      },
      "A_p3to5": {
        "ratio": 0.6861102764423077,
        "escaped": true,
        "x": [
          6.1911134873115286,
          4.1131285179404635,
          1.5378014074615116,
          0.004593517500697936,
          0.004998564777638505,
          1.6334520888564192,
          2.404469516245348,
          3.9000058885498263,
          -0.003472678773441798,
          0.0024055472284830637
        ]
      },
      "elapsed_s": 9407.018002033234
    },
    {
      "seed": 46,
      "shots": 1024,
      "p3_base": {
        "ratio": 0.69287109375,
        "escaped": true,
        "x": [
          5.525711400256368,
          3.7905938230862746,
          1.541043132500279,
          4.869401024798503,
          2.305044686771115,
          5.632344838549368
        ]
      },
      "A_p3to5": {
        "ratio": 0.6912560096153846,
        "escaped": true,
        "x": [
          6.025711400256368,
          3.7905938230862746,
          1.541043132500279,
          0.5,
          0.5,
          4.869401024798503,
          2.305044686771115,
          5.632344838549368,
          0.0,
          0.0
        ]
      },
      "elapsed_s": 9420.578445911407
    },
    {
      "seed": 47,
      "shots": 1024,
      "p3_base": {
        "ratio": 0.5905949519230769,
        "escaped": false,
        "x": [
          0.463264981081004,
          6.6228578610580415,
          5.0787747420470515,
          2.218231928331043,
          4.946014207994238,
          5.5240638847036365
        ]
      },
      "A_p3to5": {
        "ratio": 0.59716796875,
        "escaped": false,
        "x": [
          0.9533227094774259,
          6.623802650055051,
          5.067919143816613,
          0.48414257699558333,
          -0.0752069924237328,
          2.157097714528669,
          5.475902524081696,
          5.484957614299715,
          0.013511295175749807,
          -0.024908881990121506
        ]
      },
      "elapsed_s": 11748.473375082016
    },
    {
      "seed": 48,
      "shots": 1024,
      "p3_base": {
        "ratio": 0.6838566706730769,
        "escaped": true,
        "x": [
          0.684859992444443,
          6.106976329843947,
          1.7299031173077473,
          2.4380113167743307,
          4.549431259027892,
          2.4693310218178555
        ]
      },
      "A_p3to5": {
        "ratio": 0.6809269831730769,
        "escaped": true,
        "x": [
          1.1910469568616395,
          6.103540868467293,
          1.7265873182443499,
          -0.01034753778276527,
          -0.036932452454949846,
          2.4450789023389405,
          4.548962835985826,
          2.453903114007984,
          0.0010119573732019081,
          0.005939856292543205
        ]
      },
      "elapsed_s": 18400.431042432785
    },
    {
      "seed": 49,
      "shots": 1024,
      "p3_base": {
        "ratio": 0.6861853966346154,
        "escaped": true,
        "x": [
          1.9275211881502503,
          2.045423224871491,
          5.785901199943769,
          5.484540416797976,
          4.682362985082911,
          3.952158372718996
        ]
      },
      "A_p3to5": {
        "ratio": 0.6836313100961539,
        "escaped": true,
        "x": [
          2.427250617167408,
          2.093392610700999,
          5.783978958117773,
          0.5252601025923543,
          -0.00014085295144386107,
          5.478355870756463,
          4.676893305455047,
          3.9452999843601475,
          -0.0069578335571038935,
          -0.006851991096113734
        ]
      },
      "elapsed_s": 18284.609167337418
    },
    {
      "seed": 50,
      "shots": 1024,
      "p3_base": {
        "ratio": 0.6819035456730769,
        "escaped": true,
        "x": [
          3.576317113600866,
          1.457878303486552,
          1.665249284401501,
          2.447079277634936,
          2.2934687874342,
          6.172375889940363
        ]
      },
      "A_p3to5": {
        "ratio": 0.6818284254807693,
        "escaped": true,
        "x": [
          3.581802866398557,
          1.458007414305452,
          1.677432422555705,
          0.004302436339875579,
          0.4978202824662781,
          2.447759349398564,
          2.33715597288974,
          6.17899719988154,
          0.016438579576787585,
          -0.00429204041614786
        ]
      },
      "elapsed_s": 12619.972781658173
    }
  ]
}