{
  "arm0": {
    "42": {
      "seed": 42,
      "ratio": 0.6942608173076923,
      "trapped": false,
      "x": [
        2.111858132705781,
        6.366448327537669,
        4.539851990975612,
        3.79838474170695,
        0.9653062794398436,
        0.9201971255393061,
        0.3996881557042157,
        5.474650113600678,
        4.745706040107184,
        4.184305421638448
      ]
    },
    "43": {
      "seed": 43,
      "ratio": 0.6967397836538461,
      "trapped": false,
      "x": [
        0.6652900027768314,
        4.687219405672548,
        0.8959769752687204,
        1.4229041274235308,
        2.2011319558678983,
        5.6066258982857855,
        3.8855587449303877,
        3.1653391259558323,
        -0.09156631859303603,
        4.568866901146434
      ]
    },
    "44": {
      "seed": 44,
      "ratio": 0.7043269230769231,
      "trapped": false,
      "x": [
        5.2776370083529285,
        -0.051380922017052445,
        5.466059856439155,
        2.7162592658298648,
        2.0323181695670525,
        2.7830942687339126,
        1.7599422801333096,
        2.1923846196157837,
        3.216446011642222,
        3.9461558764438815
      ]
    },
    "45": {
      "seed": 45,
      "ratio": 0.7013221153846154,
      "trapped": false,
      "x": [
        6.067698907155974,
        3.420835917541544,
        1.5739674754817587,
        1.112773187383018,
        3.200073172919149,
        2.9777749051333235,
        0.9622120514801773,
        0.7658458006625499,
        0.7096472624428429,
        3.9191754752770716
      ]
    },
    "46": {
      "seed": 46,
      "ratio": 0.7165715144230769,
      "trapped": false,
      "x": [
        4.9249639098747275,
        4.516772159274129,
        2.179744540967253,
        4.750707064949798,
        2.3352167517887508,
        6.1361784425673935,
        0.136080192381217,
        2.5560249716196446,
        5.596896705190539,
        3.303381921522379
      ]
    },
    "47": {
      "seed": 47,
      "ratio": 0.6258263221153846,
      "trapped": true,
      "x": [
        0.7130690991364421,
        6.962095551221449,
        4.509886597602826,
        2.18835771083002,
        4.419166562576398,
        4.85225976615769,
        3.8041498862461056,
        2.5369505009321243,
        4.335184854523929,
        1.4041629346163258
      ]
    },
    "48": {
      "seed": 48,
      "ratio": 0.6606820913461539,
      "trapped": false,
      "x": [
        0.10989461333320842,
        5.609883825992028,
        1.8006506023801678,
        1.8395845250994318,
        4.9367051883390705,
        2.025782579906157,
        5.985529564417438,
        3.231527158261642,
        3.4631773845789526,
        2.2706247483876507
      ]
    },
    "49": {
      "seed": 49,
      "ratio": 0.6954627403846154,
      "trapped": false,
      "x": [
        1.9043343234594874,
        1.6008532892564038,
        6.183406541953503,
        5.627253848222434,
        4.328819477224874,
        3.7703782682112688,
        3.5488147474949936,
        1.9073181770959184,
        4.600060692387715,
        6.2805120935687535
      ]
    },
    "50": {
      "seed": 50,
      "ratio": 0.6887394831730769,
      "trapped": false,
      "x": [
        3.225384509246976,
        2.467149051755058,
        2.1185105247549574,
        2.529867943916805,
        3.189830124514453,
        6.557978107450316,
        2.4087627306104715,
        4.709005155754786,
        5.310048444200082,
        1.9433919184063477
      ]
    },
    "51": {
      "seed": 51,
      "ratio": 0.7027493990384616,
      "trapped": false,
      "x": [
        4.224173047434422,
        0.808068121748327,
        2.7399876870941484,
        4.718450405457407,
        2.205399160931996,
        5.953645718066686,
        1.5757419658534697,
        2.3951789478259324,
        4.145720817330379,
        3.5618119947329463
      ]
    }
  },
  "T": [
    47
  ]
}