{
  "mode": "RUN",
  "data": [
    {
      "seed": 42,
      "r_cold_p5": 0.603515625,
      "r_p3_base": 0.6292067307692307,
      "r_warm_p5": 0.6870492788461539,
      "lift": 0.08353365384615385,
      "x0_cold": [
        2.353304971691044,
        5.9735141613602165,
        4.599253580133889,
        3.761482191925223,
        0.980294029274052,
        0.9801424781769557,
        0.3649500985631483,
        5.442345232562516,
        3.776917009710014,
        4.448951217224888
      ],
      "x0_p3": [
        0.12933619211510794,
        6.094123332392967,
        5.230391369746984,
        1.3341659803533248,
        1.1424399624340646,
        1.152364521581569
      ],
      "x0_cold_stats": {
        "mean": 3.268115497062195,
        "std": 1.8827969454139,
        "min": 0.3649500985631483,
        "max": 5.9735141613602165,
        "abs_dist_pi_mean": 1.704058650803196
      },
      "x0_p3_stats": {
        "mean": 2.5138035597706696,
        "std": 2.27339404197539,
        "min": 0.12933619211510794,
        "max": 6.094123332392967,
        "abs_dist_pi_mean": 2.3082322254725782
      },
      "elapsed_s": 39154.88896512985,
      "max_cut": 26
    },
    {
      "seed": 43,
      "r_cold_p5": 0.5970552884615384,
      "r_p3_base": 0.6234975961538461,
      "r_warm_p5": 0.6302584134615384,
      "lift": 0.033203125,
      "x0_cold": [
        0.7229091610641774,
        3.826877930695556,
        0.83812014628392,
        1.5116691652261998,
        2.0554753088771562,
        5.398120059975364,
        4.185168240193635,
        3.400222461019883,
        0.1822992353282295,
        4.610276514356327
      ],
      "x0_p3": [
        2.481544152876003,
        5.03941067143336,
        1.598575079838882,
        0.3574185981663585,
        5.445314006985012,
        1.388766139401339
      ],
      "x0_cold_stats": {
        "mean": 2.673113822302045,
        "std": 1.7444057379796662,
        "min": 0.1822992353282295,
        "max": 5.398120059975364,
        "abs_dist_pi_mean": 1.6110192189461081
      },
      "x0_p3_stats": {
        "mean": 2.7185047747834923,
        "std": 1.891886994498596,
        "min": 0.3574185981663585,
        "max": 5.445314006985012,
        "abs_dist_pi_mean": 1.8236010025525629
      },
      "elapsed_s": 36018.30226659775,
      "max_cut": 26
    }
  ]
}