{
  "mode": "RUN",
  "data": [
    {
      "seed": 42,
      "k": 3,
      "r_cold_p5": 0.6649639423076923,
      "r_p3_anchors": [
        0.6449819711538461,
        0.611328125,
        0.6149338942307693
      ],
      "best_idx": 0,
      "r_p3_single": 0.6449819711538461,
      "r_p3_best": 0.6449819711538461,
      "r_warm_single": 0.6452824519230769,
      "r_warm_best": 0.6452824519230769,
      "lift_single": -0.01968149038461542,
      "lift_best": -0.01968149038461542,
      "d_lift": 0.0,
      "d_r_p3": 0.0,
      "d_r_warm": 0.0,
      "selection_inert": true,
      "elapsed_s": 2781.582016468048,
      "instance": "EDGES_20_ref",
      "max_cut": 26
    },
    {
      "seed": 43,
      "k": 3,
      "r_cold_p5": 0.654296875,
      "r_p3_anchors": [
        0.6823918269230769,
        0.6122295673076923,
        0.5905949519230769
      ],
      "best_idx": 0,
      "r_p3_single": 0.6823918269230769,
      "r_p3_best": 0.6823918269230769,
      "r_warm_single": 0.6772836538461539,
      "r_warm_best": 0.6772836538461539,
      "lift_single": 0.022986778846153855,
      "lift_best": 0.022986778846153855,
      "d_lift": 0.0,
      "d_r_p3": 0.0,
      "d_r_warm": 0.0,
      "selection_inert": true,
      "elapsed_s": 2761.959272146225,
      "instance": "EDGES_20_ref",
      "max_cut": 26
    },
    {
      "seed": 44,
      "k": 3,
      "r_cold_p5": 0.6188401442307693,
      "r_p3_anchors": [
        0.5710637019230769,
        0.6706730769230769,
        0.6822415865384616
      ],
      "best_idx": 2,
      "r_p3_single": 0.5710637019230769,
      "r_p3_best": 0.6822415865384616,
      "r_warm_single": 0.5778245192307693,
      "r_warm_best": 0.6819411057692307,
      "lift_single": -0.041015625,
      "lift_best": 0.06310096153846145,
      "d_lift": 0.10411658653846145,
      "d_r_p3": 0.11117788461538469,
      "d_r_warm": 0.10411658653846145,
      "selection_inert": false,
      "elapsed_s": 3462.1255435943604,
      "instance": "EDGES_20_ref",
      "max_cut": 26
    },
    {
      "seed": 42,
      "k": 3,
      "r_cold_p5": 0.6245492788461539,
      "r_p3_anchors": [
        0.7038762019230769,
        0.5806790865384616,
        0.5841346153846154
      ],
      "best_idx": 0,
      "r_p3_single": 0.7038762019230769,
      "r_p3_best": 0.7038762019230769,
      "r_warm_single": 0.7097355769230769,
      "r_warm_best": 0.7097355769230769,
      "lift_single": 0.08518629807692302,
      "lift_best": 0.08518629807692302,
      "d_lift": 0.0,
      "d_r_p3": 0.0,
      "d_r_warm": 0.0,
      "selection_inert": true,
      "elapsed_s": 2710.1678359508514,
      "instance": "rand_seed101",
      "max_cut": 26
    },
    {
      "seed": 43,
      "k": 3,
      "r_cold_p5": 0.7145432692307693,
      "r_p3_anchors": [
        0.6107271634615384,
        0.5841346153846154,
        0.6020132211538461
      ],
      "best_idx": 0,
      "r_p3_single": 0.6107271634615384,
      "r_p3_best": 0.6107271634615384,
      "r_warm_single": 0.7142427884615384,
      "r_warm_best": 0.7142427884615384,
      "lift_single": -0.00030048076923083755,
      "lift_best": -0.00030048076923083755,
      "d_lift": 0.0,
      "d_r_p3": 0.0,
      "d_r_warm": 0.0,
      "selection_inert": true,
      "elapsed_s": 2711.9006671905518,
      "instance": "rand_seed101",
      "max_cut": 26
    },
    {
      "seed": 44,
      "k": 3,
      "r_cold_p5": 0.6682692307692307,
      "r_p3_anchors": [
        0.5608473557692307,
        0.7259615384615384,
        0.7627704326923077
      ],
      "best_idx": 2,
      "r_p3_single": 0.5608473557692307,
      "r_p3_best": 0.7627704326923077,
      "r_warm_single": 0.5832331730769231,
      "r_warm_best": 0.7615685096153846,
      "lift_single": -0.0850360576923076,
      "lift_best": 0.09329927884615385,
      "d_lift": 0.17833533653846145,
      "d_r_p3": 0.20192307692307698,
      "d_r_warm": 0.17833533653846145,
      "selection_inert": false,
      "elapsed_s": 3392.8806133270264,
      "instance": "rand_seed101",
      "max_cut": 26
    },
    {
      "seed": 42,
      "k": 3,
      "r_cold_p5": 0.61875,
      "r_p3_anchors": [
        0.6075,
        0.6178125,
        0.5990625
      ],
      "best_idx": 1,
      "r_p3_single": 0.6075,
      "r_p3_best": 0.6178125,
      "r_warm_single": 0.609375,
      "r_warm_best": 0.61203125,
      "lift_single": -0.009375000000000022,
      "lift_best": -0.0067187499999999956,
      "d_lift": 0.0026562500000000266,
      "d_r_p3": 0.010312499999999947,
      "d_r_warm": 0.0026562500000000266,
      "selection_inert": false,
      "elapsed_s": 3468.220351457596,
      "instance": "rand_seed202",
      "max_cut": 25
    },
    {
      "seed": 43,
      "k": 3,
      "r_cold_p5": 0.61578125,
      "r_p3_anchors": [
        0.62765625,
        0.63546875,
        0.60484375
      ],
      "best_idx": 1,
      "r_p3_single": 0.62765625,
      "r_p3_best": 0.63546875,
      "r_warm_single": 0.65625,
      "r_warm_best": 0.63734375,
      "lift_single": 0.04046875000000005,
      "lift_best": 0.02156250000000004,
      "d_lift": -0.018906250000000013,
      "d_r_p3": 0.0078125,
      "d_r_warm": -0.018906250000000013,
      "selection_inert": false,
      "elapsed_s": 3466.9631843566895,
      "instance": "rand_seed202",
      "max_cut": 25
    },
    {
      "seed": 44,
      "k": 3,
      "r_cold_p5": 0.6659375,
      "r_p3_anchors": [
        0.5753125,
        0.6796875,
        0.71453125
      ],
      "best_idx": 2,
      "r_p3_single": 0.5753125,
      "r_p3_best": 0.71453125,
      "r_warm_single": 0.70640625,
      "r_warm_best": 0.71171875,
      "lift_single": 0.04046875000000005,
      "lift_best": 0.045781249999999996,
      "d_lift": 0.005312499999999942,
      "d_r_p3": 0.13921874999999995,
      "d_r_warm": 0.005312499999999942,
      "selection_inert": false,
      "elapsed_s": 3460.064268350601,
      "instance": "rand_seed202",
      "max_cut": 25
    },
    {
      "seed": 42,
      "k": 3,
      "r_cold_p5": 0.607421875,
      "r_p3_anchors": [
        0.5743689903846154,
        0.5734675480769231,
        0.6784855769230769
      ],
      "best_idx": 2,
      "r_p3_single": 0.5743689903846154,
      "r_p3_best": 0.6784855769230769,
      "r_warm_single": 0.5730168269230769,
      "r_warm_best": 0.6760817307692307,
      "lift_single": -0.03440504807692313,
      "lift_best": 0.06865985576923073,
      "d_lift": 0.10306490384615385,
      "d_r_p3": 0.10411658653846145,
      "d_r_warm": 0.10306490384615385,
      "selection_inert": false,
      "elapsed_s": 3456.1666674613953,
      "instance": "rand_seed303",
      "max_cut": 26
    },
    {
      "seed": 43,
      "k": 3,
      "r_cold_p5": 0.6236478365384616,
      "r_p3_anchors": [
        0.5869891826923077,
        0.5948016826923077,
        0.5859375
      ],
      "best_idx": 1,
      "r_p3_single": 0.5869891826923077,
      "r_p3_best": 0.5948016826923077,
      "r_warm_single": 0.6814903846153846,
      "r_warm_best": 0.5970552884615384,
      "lift_single": 0.05784254807692302,
      "lift_best": -0.026592548076923128,
      "d_lift": -0.08443509615384615,
      "d_r_p3": 0.0078125,
      "d_r_warm": -0.08443509615384615,
      "selection_inert": false,
      "elapsed_s": 3451.8905680179596,
      "instance": "rand_seed303",
      "max_cut": 26
    },
    {
      "seed": 44,
      "k": 3,
      "r_cold_p5": 0.6179387019230769,
      "r_p3_anchors": [
        0.5797776442307693,
        0.6723257211538461,
        0.6881009615384616
      ],
      "best_idx": 2,
      "r_p3_single": 0.5797776442307693,
      "r_p3_best": 0.6881009615384616,
      "r_warm_single": 0.5859375,
      "r_warm_best": 0.6873497596153846,
      "lift_single": -0.03200120192307687,
      "lift_best": 0.06941105769230771,
      "d_lift": 0.10141225961538458,
      "d_r_p3": 0.10832331730769229,
      "d_r_warm": 0.10141225961538458,
      "selection_inert": false,
      "elapsed_s": 3451.953439474106,