{
  "mode": "FULL",
  "stage": "prep",
  "config": {
    "n_qubits": 20,
    "n_edges": 30,
    "K": 5,
    "shots": 512,
    "maxiter": 20,
    "seeds": [
      400,
      401,
      402,
      403,
      404
    ]
  },
  "instances": [
    {
      "inst_seed": 400,
      "n_qubits": 20,
      "n_edges": 30,
      "edges": [
        [
          0,
          11
        ],
        [
          0,
          14
        ],
        [
          0,
          19
        ],
        [
          1,
          3
        ],
        [
          1,
          5
        ],
        [
          1,
          11
        ],
        [
          1,
          17
        ],
        [
          2,
          11
        ],
        [
          2,
          13
        ],
        [
          2,
          14
        ],
        [
          3,
          6
        ],
        [
          3,
          9
        ],
        [
          3,
          11
        ],
        [
          3,
          16
        ],
        [
          4,
          9
        ],
        [
          5,
          6
        ],
        [
          5,
          12
        ],
        [
          5,
          16
        ],
        [
          6,
          9
        ],
        [
          6,
          17
        ],
        [
          8,
          9
        ],
        [
          8,
          13
        ],
        [
          9,
          14
        ],
        [
          9,
          19
        ],
        [
          10,
          12
        ],
        [
          10,
          18
        ],
        [
          11,
          12
        ],
        [
          11,
          16
        ],
        [
          14,
          15
        ],
        [
          17,
          18
        ]
      ],
      "max_cut": 27,
      "r_p3": 0.6177662037037037,
      "r_cold": 0.5711082175925926,
      "r_self": 0.6209490740740741,
      "anchor_p5": [
        4.513759517219557,
        1.7415821572749013,
        5.353508363524754,
        0.0,
        0.0,
        2.610530987964299,
        0.9409731203632784,
        0.09872613264976093,
        0.0,
        0.0
      ],
      "elapsed_s": 3636.0287058353424
    },
    {
      "inst_seed": 401,
      "n_qubits": 20,
      "n_edges": 30,
      "edges": [
        [
          0,
          7
        ],
        [
          0,
          12
        ],
        [
          0,
          14
        ],
        [
          0,
          16
        ],
        [
          1,
          2
        ],
        [
          1,
          5
        ],
        [
          1,
          7
        ],
        [
          1,
          17
        ],
        [
          1,
          19
        ],
        [
          2,
          9
        ],
        [
          2,
          10
        ],
        [
          3,
          8
        ],
        [
          3,
          16
        ],
        [
          3,
          17
        ],
        [
          4,
          15
        ],
        [
          4,
          18
        ],
        [
          5,
          11
        ],
        [
          6,
          7
        ],
        [
          6,
          8
        ],
        [
          6,
          10
        ],
        [
          6,
          18
        ],
        [
          6,
          19
        ],
        [
          7,
          14
        ],
        [
          7,
          15
        ],
        [
          9,
          12
        ],
        [
          10,
          14
        ],
        [
          10,
          18
        ],
        [
          11,
          14
        ],
        [
          13,
          17
        ],
        [
          13,
          18
        ]
      ],
      "max_cut": 27,
      "r_p3": 0.5567129629629629,
      "r_cold": 0.5554108796296297,
      "r_self": 0.5528790509259259,
      "anchor_p5": [
        4.568881353273699,
        1.9074460670866185,
        3.2752543501507323,
        0.0,
        0.0,
        0.9999508791007696,
        4.543230916450915,
        1.2453143327540932,
        0.0,
        0.0
      ],
      "elapsed_s": 3617.809302330017
    },
    {
      "inst_seed": 402,
      "n_qubits": 20,
      "n_edges": 30,
      "edges": [
        [
          0,
          2
        ],
        [
          0,
          5
        ],
        [
          0,
          17
        ],
        [
          1,
          5
        ],
        [
          1,
          7
        ],
        [
          1,
          8
        ],
        [
          1,
          11
        ],
        [
          1,
          15
        ],
        [
          1,
          16
        ],
        [
          2,
          5
        ],
        [
          2,
          9
        ],
        [
          2,
          12
        ],
        [
          2,
          15
        ],
        [
          3,
          4
        ],
        [
          3,
          13
        ],
        [
          4,
          6
        ],
        [
          4,
          7
        ],
        [
          4,
          13
        ],
        [
          5,
          11
        ],
        [
          5,
          18
        ],
        [
          6,
          11
        ],
        [
          6,
          19
        ],
        [
          9,
          14
        ],
        [
          10,
          12
        ],
        [
          10,
          13
        ],
        [
          11,
          18
        ],
        [
          13,
          15
        ],
        [
          15,
          16
        ],
        [
          16,
          19
        ],
        [
          18,
          19
        ]
      ],
      "max_cut": 24,
      "r_p3": 0.6298014322916666,
      "r_cold": 0.6407877604166666,
      "r_self": 0.628173828125,
      "anchor_p5": [
        0.820500968100383,
        2.97912893002861,
        2.4041904494604647,
        0.0,
        0.0,
        5.770528034893165,
        2.846842266966355,
        3.6345695588508087,
        0.0,
        0.0
      ],
      "elapsed_s": 3629.9905140399933
    },
    {
      "inst_seed": 403,
      "n_qubits": 20,
      "n_edges": 30,
      "edges": [
        [
          0,
          12
        ],
        [
          1,
          5
        ],
        [
          1,
          14
        ],
        [
          2,
          3
        ],
        [
          2,
          13
        ],
        [
          2,
          15
        ],
        [
          3,
          8
        ],
        [
          4,
          5
        ],
        [
          4,
          6
        ],
        [
          4,
          11
        ],
        [
          4,
          13
        ],
        [
          4,
          14
        ],
        [
          5,
          6
        ],
        [
          6,
          9
        ],
        [
          6,
          14
        ],
        [
          6,
          16
        ],
        [
          6,
          19
        ],
        [
          7,
          12
        ],
        [
          7,
          19
        ],
        [
          8,
          18
        ],
        [
          9,
          11
        ],
        [
          10,
          16
        ],
        [
          11,
          15
        ],
        [
          11,
          16
        ],
        [
          11,
          19
        ],
        [
          12,
          15
        ],
        [
          13,
          18
        ],
        [
          16,
          19
        ],
        [
          17,
          18
        ],
        [
          18,
          19
        ]
      ],
      "max_cut": 25,
      "r_p3": 0.60609375,
      "r_cold": 0.607890625,
      "r_self": 0.6540625,
      "anchor_p5": [
        1.6434975735263928,
        4.02916492259679,
        3.735563344109294,
        0.0,
        0.0,
        2.3184650619425002,
        2.4051933518250648,
        3.4701407929714247,
        0.0,
        0.0
      ],
      "elapsed_s": 3609.8648636341095
    },
    {
      "inst_seed": 404,
      "n_qubits": 20,
      "n_edges": 30,