{
  "mode": "PILOT",
  "stage": "prep",
  "config": {
    "n_qubits": 12,
    "n_edges": 18,
    "K": 4,
    "shots": 256,
    "maxiter": 15,
    "seeds": [
      300,
      301,
      302,
      303
    ]
  },
  "instances": [
    {
      "inst_seed": 300,
      "n_qubits": 12,
      "n_edges": 18,
      "edges": [
        [
          0,
          5
        ],
        [
          0,
          6
        ],
        [
          0,
          9
        ],
        [
          1,
          5
        ],
        [
          1,
          9
        ],
        [
          3,
          5
        ],
        [
          3,
          6
        ],
        [
          4,
          7
        ],
        [
          4,
          9
        ],
        [
          4,
          10
        ],
        [
          5,
          6
        ],
        [
          5,
          7
        ],
        [
          5,
          8
        ],
        [
          5,
          9
        ],
        [
          6,
          8
        ],
        [
          6,
          11
        ],
        [
          7,
          11
        ],
        [
          8,
          10
        ]
      ],
      "max_cut": 15,
      "r_p3": 0.61640625,
      "r_cold": 0.6111979166666667,
      "r_self": 0.6052083333333333,
      "anchor_p5": [
        3.3344866953932972,
        1.8887243300129741,
        2.319005903048028,
        0.0,
        0.0,
        2.3269976295899593,
        1.525067949851254,
        4.890976948075066,
        0.0,
        0.0
      ],
      "elapsed_s": 254.77260541915894
    },
    {
      "inst_seed": 301,
      "n_qubits": 12,
      "n_edges": 18,
      "edges": [
        [
          0,
          2
        ],
        [
          0,
          3
        ],
        [
          1,
          2
        ],
        [
          1,
          4
        ],
        [
          1,
          8
        ],
        [
          1,
          10
        ],
        [
          2,
          3
        ],
        [
          2,
          4
        ],
        [
          2,
          9
        ],
        [
          3,
          5
        ],
        [
          3,
          10
        ],
        [
          4,
          11
        ],
        [
          5,
          7
        ],
        [
          6,
          9
        ],
        [
          7,
          8
        ],
        [
          7,
          11
        ],
        [
          8,
          10
        ],
        [
          8,
          11
        ]
      ],
      "max_cut": 14,
      "r_p3": 0.6495535714285714,
      "r_cold": 0.6609933035714286,
      "r_self": 0.6576450892857143,
      "anchor_p5": [
        2.05669552103497,
        3.7051066435734237,
        4.733476537379104,
        0.0,
        0.0,
        3.8301716923958944,
        4.509161757613124,
        2.8348908025858166,
        0.0,
        0.0
      ],
      "elapsed_s": 265.7120478153229
    },
    {
      "inst_seed": 302,
      "n_qubits": 12,
      "n_edges": 18,
      "edges": [
        [
          0,
          3
        ],
        [
          0,
          4
        ],
        [
          0,
          7
        ],
        [
          0,
          10
        ],
        [
          1,
          6
        ],
        [
          1,
          11
        ],
        [
          3,
          4
        ],
        [
          3,
          8
        ],
        [
          4,
          5
        ],
        [
          4,
          7
        ],
        [
          4,
          9
        ],
        [
          5,
          8
        ],
        [
          5,
          9
        ],
        [
          6,
          7
        ],
        [
          6,
          11
        ],
        [
          7,
          8
        ],
        [
          8,
          9
        ],
        [
          10,
          11
        ]
      ],
      "max_cut": 15,
      "r_p3": 0.6338541666666667,
      "r_cold": 0.6239583333333333,
      "r_self": 0.63984375,
      "anchor_p5": [
        3.750517976058792,
        5.166875896790924,
        2.610073222951582,
        0.0,
        0.0,
        5.129385594254496,
        3.3905615575227284,
        3.9104541335176846,
        0.0,
        0.0
      ],
      "elapsed_s": 263.23809576034546
    },
    {
      "inst_seed": 303,
      "n_qubits": 12,
      "n_edges": 18,
      "edges": [
        [
          0,
          5
        ],
        [
          0,
          6
        ],
        [
          0,
          8
        ],
        [
          0,
          10
        ],
        [
          0,
          11
        ],
        [
          1,
          3
        ],
        [
          1,
          4
        ],
        [
          1,
          7
        ],
        [
          1,
          8
        ],
        [
          2,
          7
        ],
        [
          2,
          9
        ],
        [
          3,
          6
        ],
        [
          3,
          7
        ],
        [
          3,
          9
        ],
        [
          4,
          6
        ],
        [
          4,
          7
        ],
        [
          4,
          10
        ],
        [
          6,
          10
        ]
      ],
      "max_cut": 15,
      "r_p3": 0.65546875,
      "r_cold": 0.615625,
      "r_self": 0.6549479166666666,
      "anchor_p5": [
        5.367110611086164,
        1.6043444711343142,
        3.8511316924511703,
        0.0,
        0.0,
        5.621229903657951,
        3.8970772630197468,
        3.2416477441930622,
        0.0,
        0.0
      ],
      "elapsed_s": 261.11005783081055
    }
  ]
}