{
  "experiment": "exp77_anchor_rank_qpu",
  "cycle": 6268,
  "author": "elder",
  "phase": "sim_gate",
  "instance": "EDGES_8",
  "n_qubits": 8,
  "max_cut": 10,
  "qaoa_p": 2,
  "k_anchors": 5,
  "shots": 1024,
  "min_adjacent_gap": 1.5147983341399023,
  "true_costs": [
    2.608332699413805,
    4.123131033553707,
    5.643227756890156,
    7.164991247136835,
    8.682699405272764
  ],
  "report": {
    "tag": "FakeMarrakesh",
    "argmax_preserved": true,
    "true_best": 4,
    "meas_best": 4,
    "top3_overlap": 3,
    "spearman": 1.0,
    "rank_distortion": 0.0,
    "measured_ratio": [
      0.34375,
      0.45068359375,
      0.576953125,
      0.69052734375,
      0.82470703125
    ],
    "true_ratio": [
      0.2608332699413805,
      0.41231310335537075,
      0.5643227756890157,
      0.7164991247136835,
      0.8682699405272765
    ]
  },
  "gate_pass": true
}