{
  "experiment": "exp81_noise_dodge_placement",
  "cycle": 6272,
  "a_discrete": 0.24632723018639702,
  "arms": {
    "BEST": {
      "a_hw_reps": [
        0.254150390625,
        0.2435302734375
      ],
      "a_hw_mean": 0.24884033203125,
      "bias": 0.002513101844852983,
      "msb_readout": 0.00439453125
    },
    "WORST": {
      "a_hw_reps": [
        0.3621826171875,
        0.362548828125
      ],
      "a_hw_mean": 0.36236572265625,
      "bias": 0.11603849246985298,
      "msb_readout": 0.146240234375
    },
    "DEFAULT": {
      "a_hw_reps": [
        0.291748046875,
        0.2862548828125
      ],
      "a_hw_mean": 0.28900146484375,
      "bias": 0.04267423465735298,
      "msb_readout": null
    }
  }
}